Website,Name,Phone
www.jameswilson.org,James Wilson,(212) 555-0147
www.maryjohnson.com,Mary Johnson,(303) 555-8921
www.robertbrown.net,Robert Brown,(415) 555-3678
www.lindadavis.co,Linda Davis,(718) 555-2234
www.michaelmiller.io,Michael Miller,(202) 555-9812
www.sarahwilliams.us,Sarah Williams,(305) 555-4567
www.davidanderson.biz,David Anderson,(617) 555-1234
www.jenniferthomas.info,Jennifer Thomas,(312) 555-7890
www.christophermartin.tv,Christopher Martin,(213) 555-6543
www.patriciarodriguez.xyz,Patricia Rodriguez,(310) 555-3210
www.josephlee.co,Joseph Lee,(404) 555-8765
www.nancywhite.shop,Nancy White,(214) 555-4321
www.thomasharris.tech,Thomas Harris,(703) 555-9876
www.sandramartinez.org,Sandra Martinez,(206) 555-5432
www.charlesrobinson.com,Charles Robinson,(602) 555-2109
www.karenclark.net,Karen Clark,(813) 555-6789
www.stevenlewis.io,Steven Lewis,(704) 555-1357
www.bettywalker.us,Betty Walker,(210) 555-8642
www.brianhall.biz,Brian Hall,(405) 555-9753
www.dorothyyoung.info,Dorothy Young,(702) 555-3198
www.kevinking.tv,Kevin King,(305) 555-7426
www.lisawright.xyz,Lisa Wright,(407) 555-6284
www.marklopez.co,Mark Lopez,(504) 555-1935
www.nancyhill.shop,Nancy Hill,(901) 555-4067
www.paulsanchez.tech,Paul Sanchez,(505) 555-8321
www.sandragreen.org,Sandra Green,(313) 555-5670
www.stevenadams.com,Steven Adams,(206) 555-2948
www.barbaranelson.net,Barbara Nelson,(612) 555-7053
www.davidbaker.io,David Baker,(717) 555-1694
www.lisamitchell.us,Lisa Mitchell,(816) 555-4382
www.johnperez.biz,John Perez,(504) 555-9276
www.susancarter.info,Susan Carter,(305) 555-5183
www.robertramirez.tv,Robert Ramirez,(213) 555-7732
www.patriciatorres.xyz,Patricia Torres,(212) 555-3456
www.jamesgonzalez.co,James Gonzalez,(312) 555-6879
www.maryrivera.shop,Mary Rivera,(617) 555-1245
www.michaelcampbell.tech,Michael Campbell,(415) 555-9900
www.lindaedwards.org,Linda Edwards,(303) 555-2314
www.davidcollins.com,David Collins,(202) 555-6754
www.jenniferstewart.net,Jennifer Stewart,(718) 555-8023
www.robertmorris.io,Robert Morris,(214) 555-5567
www.susanrogers.us,Susan Rogers,(213) 555-4398
www.williamreed.biz,William Reed,(404) 555-6182
www.elizabethcook.info,Elizabeth Cook,(212) 555-2739
www.charlesmorgan.tv,Charles Morgan,(415) 555-8465
www.barbarabell.xyz,Barbara Bell,(305) 555-1927
www.thomasmurphy.co,Thomas Murphy,(312) 555-5048
www.katherinebailey.shop,Katherine Bailey,(617) 555-6392
www.danielrivera.tech,Daniel Rivera,(718) 555-7250
www.nancycooper.org,Nancy Cooper,(303) 555-8714
www.markrichardson.com,Mark Richardson,(202) 555-4136
www.lisacox.net,Lisa Cox,(504) 555-9682
www.stevenward.io,Steven Ward,(816) 555-1273
www.barbaratorres.us,Barbara Torres,(213) 555-5468
www.paulpeterson.biz,Paul Peterson,(212) 555-3390
www.sandrawatson.info,Sandra Watson,(312) 555-7851
www.kevinbrooks.tv,Kevin Brooks,(415) 555-6204
www.dorothyjames.xyz,Dorothy James,(305) 555-4937
www.josephbennett.co,Joseph Bennett,(617) 555-8640
www.sarargray.shop,Sara Gray,(718) 555-2375
www.charleslong.tech,Charles Long,(214) 555-5801
www.katherinefoster.org,Katherine Foster,(404) 555-3962
www.danielgonzalez.com,Daniel Gonzalez,(702) 555-7438
www.lisahenderson.net,Lisa Henderson,(704) 555-6129
www.stevencole.io,Steven Cole,(210) 555-9814
www.barbarawest.us,Barbara West,(405) 555-3572
www.pauljordan.biz,Paul Jordan,(813) 555-2468
www.sandraevans.info,Sandra Evans,(602) 555-1359
www.kevinedwards.tv,Kevin Edwards,(206) 555-8742
www.dorothycollins.xyz,Dorothy Collins,(901) 555-4631
www.josephstewart.co,Joseph Stewart,(505) 555-7915
www.sarahmoore.shop,Sarah Moore,(313) 555-6208
www.charlesmartinez.tech,Charles Martinez,(504) 555-3894
www.katherineanderson.org,Katherine Anderson,(305) 555-1467
www.danielthomas.com,Daniel Thomas,(212) 555-7352
www.lisawhite.net,Lisa White,(312) 555-8149
www.stevenharris.io,Steven Harris,(415) 555-2976
www.barbaraclark.us,Barbara Clark,(617) 555-5631
www.paullewis.biz,Paul Lewis,(718) 555-4085
www.sandralopez.info,Sandra Lopez,(214) 555-6293
www.kevingonzalez.tv,Kevin Gonzalez,(404) 555-1704
www.dorothywalker.xyz,Dorothy Walker,(702) 555-9437
www.josephhall.co,Joseph Hall,(704) 555-8562
www.saraallen.shop,Sara Allen,(210) 555-7321
www.charlesyoung.tech,Charles Young,(405) 555-6187
www.katherineking.org,Katherine King,(813) 555-4903
www.danielwright.com,Daniel Wright,(602) 555-3256
www.lisascott.net,Lisa Scott,(206) 555-7481
www.stevengreen.io,Steven Green,(901) 555-2365
www.barbarabaker.us,Barbara Baker,(505) 555-8592
www.pauladams.biz,Paul Adams,(313) 555-4738
www.sandranelson.info,Sandra Nelson,(504) 555-6241
www.kevincarter.tv,Kevin Carter,(305) 555-3917
www.dorothymitchell.xyz,Dorothy Mitchell,(212) 555-1852
www.josephperez.co,Joseph Perez,(312) 555-7604
www.sararoberts.shop,Sara Roberts,(415) 555-5139
www.charlesevans.tech,Charles Evans,(617) 555-9482
www.katherinetorres.org,Katherine Torres,(718) 555-6703
www.danielramirez.com,Daniel Ramirez,(214) 555-2396
www.johnflores.net,John Flores,(303) 555-4821
www.marygonzalez.co,Mary Gonzalez,(202) 555-3754
www.robertwood.org,Robert Wood,(415) 555-6912
www.lindabennett.us,Linda Bennett,(212) 555-8473
www.michaelbrooks.biz,Michael Brooks,(617) 555-5209
www.sarahjames.info,Sarah James,(718) 555-1638
www.davidbarnes.tv,David Barnes,(305) 555-7945
www.jenniferross.xyz,Jennifer Ross,(312) 555-4287
www.christopherhenderson.co,Christopher Henderson,(213) 555-6790
www.patriciacoleman.shop,Patricia Coleman,(404) 555-3152
www.josephjenkins.tech,Joseph Jenkins,(504) 555-8621
www.nancyperry.org,Nancy Perry,(702) 555-5439
www.thomaspowell.com,Thomas Powell,(704) 555-2176
www.sandralong.net,Sandra Long,(210) 555-7385
www.charlespatterson.io,Charles Patterson,(405) 555-4293
www.karenhughes.us,Karen Hughes,(813) 555-9647
www.stevenfoster.biz,Steven Foster,(602) 555-1508
www.bettybutler.info,Betty Butler,(206) 555-6824
www.brianbarnes.tv,Brian Barnes,(901) 555-3972
www.dorothysimpson.xyz,Dorothy Simpson,(505) 555-8461
www.kevincunningham.co,Kevin Cunningham,(313) 555-5234
www.lisahart.shop,Lisa Hart,(504) 555-7698
www.markberry.tech,Mark Berry,(305) 555-2145
www.nancybishop.org,Nancy Bishop,(212) 555-6573
www.paulmyers.com,Paul Myers,(312) 555-3891
www.sandralittle.net,Sandra Little,(415) 555-7402
www.stevenbradley.io,Steven Bradley,(617) 555-2956
www.barbarastewart.us,Barbara Stewart,(718) 555-8134
www.davidlopez.biz,David Lopez,(214) 555-4769
www.lisagray.info,Lisa Gray,(404) 555-6287
www.johnhamilton.tv,John Hamilton,(702) 555-3951
www.susangraham.xyz,Susan Graham,(704) 555-8620
www.robertfisher.co,Robert Fisher,(210) 555-7413
www.patriciahunt.shop,Patricia Hunt,(405) 555-2968
www.jamespalmer.tech,James Palmer,(813) 555-5834
www.marycarpenter.org,Mary Carpenter,(602) 555-4791
www.michaelwagner.com,Michael Wagner,(206) 555-3628
www.lindablack.net,Linda Black,(901) 555-8157
www.davidkennedy.io,David Kennedy,(505) 555-2409
www.jenniferwells.us,Jennifer Wells,(313) 555-6973
www.robertray.biz,Robert Ray,(504) 555-5846
www.susanhawkins.info,Susan Hawkins,(305) 555-9312
www.williamellis.tv,William Ellis,(212) 555-4762
www.elizabethgordon.xyz,Elizabeth Gordon,(312) 555-8195
www.charlesford.co,Charles Ford,(415) 555-2347
www.barbaraperry.shop,Barbara Perry,(617) 555-6581
www.thomasrice.tech,Thomas Rice,(718) 555-7932
www.katherinehoward.org,Katherine Howard,(214) 555-4026
www.danielramos.com,Daniel Ramos,(404) 555-5179
www.lisawatson.net,Lisa Watson,(702) 555-6384
www.stevenmedina.io,Steven Medina,(704) 555-2715
www.barbarawashington.us,Barbara Washington,(210) 555-8947
www.paulfoster.biz,Paul Foster,(405) 555-5263
www.sandragibson.info,Sandra Gibson,(813) 555-1798
www.kevinmills.tv,Kevin Mills,(602) 555-6421
www.dorothyfox.xyz,Dorothy Fox,(206) 555-3854
www.josephrose.co,Joseph Rose,(901) 555-7196
www.sarahstone.shop,Sarah Stone,(505) 555-2643
www.charleswebster.tech,Charles Webster,(313) 555-8475
www.katherinelawrence.org,Katherine Lawrence,(504) 555-5928
www.danielwheeler.com,Daniel Wheeler,(305) 555-4317
www.johnholmes.net,John Holmes,(212) 555-7652
www.marystephens.co,Mary Stephens,(312) 555-3984
www.robertwebb.org,Robert Webb,(415) 555-6219
www.lindasims.us,Linda Sims,(617) 555-4873
www.michaelwilliamson.biz,Michael Williamson,(718) 555-3546
www.sarahjohnson.info,Sarah Johnson,(214) 555-7298
www.davidharvey.tv,David Harvey,(404) 555-8651
www.jennifergraham.xyz,Jennifer Graham,(702) 555-4362
www.christophertaylor.co,Christopher Taylor,(704) 555-2978
www.patriciamarshall.shop,Patricia Marshall,(210) 555-6145
www.josephcoleman.tech,Joseph Coleman,(405) 555-7832
www.nancypalmer.org,Nancy Palmer,(813) 555-5216
www.thomashawkins.com,Thomas Hawkins,(602) 555-3497
www.sandracollins.net,Sandra Collins,(206) 555-8754
www.charlesgomez.io,Charles Gomez,(901) 555-6321
www.karenmurray.us,Karen Murray,(505) 555-4983
www.stevenreynolds.biz,Steven Reynolds,(313) 555-2765
www.bettymoreno.info,Betty Moreno,(504) 555-8197
www.brianparker.tv,Brian Parker,(305) 555-5432
www.dorothyrobinson.xyz,Dorothy Robinson,(212) 555-7681
www.kevinwood.co,Kevin Wood,(312) 555-3259
www.lisahall.shop,Lisa Hall,(415) 555-6942
www.markgonzales.tech,Mark Gonzales,(617) 555-4718
www.nancybryant.org,Nancy Bryant,(718) 555-8365
www.paulalexander.com,Paul Alexander,(214) 555-2194
www.sandrarussell.net,Sandra Russell,(404) 555-7583
www.stevengriffin.io,Steven Griffin,(702) 555-6427
www.barbaradiaz.us,Barbara Diaz,(704) 555-3851
www.davidhayes.biz,David Hayes,(210) 555-9146
www.lisamyers.info,Lisa Myers,(405) 555-5732
www.johnford.tv,John Ford,(813) 555-4269
www.susanhamilton.xyz,Susan Hamilton,(602) 555-3975
www.robertgraham.co,Robert Graham,(206) 555-1847
www.patriciasullivan.shop,Patricia Sullivan,(901) 555-7632
www.jameswallace.tech,James Wallace,(505) 555-5284
www.marywoods.org,Mary Woods,(313) 555-4167
www.michaelcole.com,Michael Cole,(504) 555-8392
www.lindawest.net,Linda West,(305) 555-7251
www.davidjordan.io,David Jordan,(212) 555-6948
www.jenniferowens.us,Jennifer Owens,(312) 555-3175
www.robertreynolds.biz,Robert Reynolds,(415) 555-8623
www.susanfields.info,Susan Fields,(617) 555-7394
www.williamwarren.tv,William Warren,(718) 555-2541
www.elizabethcrawford.xyz,Elizabeth Crawford,(214) 555-6879
www.charlespayne.co,Charles Payne,(404) 555-4325
www.barbarakennedy.shop,Barbara Kennedy,(702) 555-5968
www.thomasperez.tech,Thomas Perez,(704) 555-3214
www.katherineburns.org,Katherine Burns,(210) 555-8756
www.danielwagner.com,Daniel Wagner,(405) 555-7429
www.lisamorrison.net,Lisa Morrison,(813) 555-6583
www.stevenmurray.io,Steven Murray,(602) 555-4197
www.barbarafreeman.us,Barbara Freeman,(206) 555-3265
www.paulwells.biz,Paul Wells,(901) 555-7942
www.sandrariley.info,Sandra Riley,(505) 555-6837
www.kevingardner.tv,Kevin Gardner,(313) 555-5714
www.dorothypierce.xyz,Dorothy Pierce,(504) 555-4289
www.josephberry.co,Joseph Berry,(305) 555-3156
www.sarahgordon.shop,Sarah Gordon,(212) 555-7623
www.charleshudson.tech,Charles Hudson,(312) 555-8941
www.katherinearnold.org,Katherine Arnold,(415) 555-6475
www.danielwebb.com,Daniel Webb,(617) 555-5287
www.johncarr.net,John Carr,(718) 555-4163
www.marypatterson.co,Mary Patterson,(214) 555-7395
www.robertoliver.org,Robert Oliver,(404) 555-8652
www.lindasanders.us,Linda Sanders,(702) 555-2947
www.michaelprice.biz,Michael Price,(704) 555-6318
www.sarahbennett.info,Sarah Bennett,(210) 555-5724
www.davidwood.tv,David Wood,(405) 555-4896
www.jenniferbarnes.xyz,Jennifer Barnes,(813) 555-3179
www.christopherross.co,Christopher Ross,(602) 555-8265
www.patriciahenderson.shop,Patricia Henderson,(206) 555-7431
www.josephcoleman.tech,Joseph Coleman,(901) 555-6982
www.nancyjenkins.org,Nancy Jenkins,(505) 555-5247
www.thomasperry.com,Thomas Perry,(313) 555-8793
www.sandralong.net,Sandra Long,(504) 555-4368
www.charlespatterson.io,Charles Patterson,(305) 555-7651
www.karenhughes.us,Karen Hughes,(212) 555-3982
www.stevenfoster.biz,Steven Foster,(312) 555-6247
www.bettybutler.info,Betty Butler,(415) 555-8175
www.brianbarnes.tv,Brian Barnes,(617) 555-7492
www.dorothysimpson.xyz,Dorothy Simpson,(718) 555-3268
www.kevincunningham.co,Kevin Cunningham,(214) 555-6159
www.lisahart.shop,Lisa Hart,(404) 555-4837
www.markberry.tech,Mark Berry,(702) 555-7924
www.nancybishop.org,Nancy Bishop,(704) 555-6571
www.paulmyers.com,Paul Myers,(210) 555-5348
www.sandralittle.net,Sandra Little,(405) 555-4286
www.stevenbradley.io,Steven Bradley,(813) 555-3975
www.barbarastewart.us,Barbara Stewart,(602) 555-8694
www.davidlopez.biz,David Lopez,(206) 555-7432
www.lisagray.info,Lisa Gray,(901) 555-6587
www.johnhamilton.tv,John Hamilton,(505) 555-5291
www.susangraham.xyz,Susan Graham,(313) 555-8176
www.robertfisher.co,Robert Fisher,(504) 555-3942
www.patriciahunt.shop,Patricia Hunt,(305) 555-7265
www.jamespalmer.tech,James Palmer,(212) 555-6398
www.marycarpenter.org,Mary Carpenter,(312) 555-5417
www.michaelwagner.com,Michael Wagner,(415) 555-8724
www.lindablack.net,Linda Black,(617) 555-7659
www.davidkennedy.io,David Kennedy,(718) 555-4983
www.jenniferwells.us,Jennifer Wells,(214) 555-3276
www.robertray.biz,Robert Ray,(404) 555-8145
www.susanhawkins.info,Susan Hawkins,(702) 555-7962
www.williamellis.tv,William Ellis,(704) 555-6358
www.elizabethgordon.xyz,Elizabeth Gordon,(210) 555-4279
www.charlesford.co,Charles Ford,(405) 555-3186
www.barbaraperry.shop,Barbara Perry,(813) 555-5794
www.thomasrice.tech,Thomas Rice,(602) 555-8647
www.katherinehoward.org,Katherine Howard,(206) 555-7953
www.danielramos.com,Daniel Ramos,(901) 555-6324
www.lisawatson.net,Lisa Watson,(505) 555-4816
www.stevenmedina.io,Steven Medina,(313) 555-3572
www.barbarawashington.us,Barbara Washington,(504) 555-6295
www.paulfoster.biz,Paul Foster,(305) 555-7483
www.sandragibson.info,Sandra Gibson,(212) 555-8369
www.kevinmills.tv,Kevin Mills,(312) 555-5947
www.dorothyfox.xyz,Dorothy Fox,(415) 555-4621
www.josephrose.co,Joseph Rose,(617) 555-7185
www.sarahstone.shop,Sarah Stone,(718) 555-6392
www.charleswebster.tech,Charles Webster,(214) 555-5274
www.katherinelawrence.org,Katherine Lawrence,(404) 555-8943
www.danielwheeler.com,Daniel Wheeler,(702) 555-7658
www.johnholmes.net,John Holmes,(704) 555-4327
www.marystephens.co,Mary Stephens,(210) 555-6895
www.robertwebb.org,Robert Webb,(405) 555-5716
www.lindasims.us,Linda Sims,(813) 555-3482
www.michaelwilliamson.biz,Michael Williamson,(602) 555-8269
www.sarahjohnson.info,Sarah Johnson,(206) 555-7135
www.davidharvey.tv,David Harvey,(901) 555-6487
www.jennifergraham.xyz,Jennifer Graham,(505) 555-5792
www.christophertaylor.co,Christopher Taylor,(313) 555-8643
www.patriciamarshall.shop,Patricia Marshall,(504) 555-7316
www.josephcoleman.tech,Joseph Coleman,(305) 555-6289
www.nancypalmer.org,Nancy Palmer,(212) 555-4157
www.thomashawkins.com,Thomas Hawkins,(312) 555-3862
www.sandracollins.net,Sandra Collins,(415) 555-7594
www.charlesgomez.io,Charles Gomez,(617) 555-6428
www.karenmurray.us,Karen Murray,(718) 555-5873
www.stevenreynolds.biz,Steven Reynolds,(214) 555-4396
www.bettymoreno.info,Betty Moreno,(404) 555-8247
www.brianparker.tv,Brian Parker,(702) 555-7635
www.dorothyrobinson.xyz,Dorothy Robinson,(704) 555-6981
www.kevinwood.co,Kevin Wood,(210) 555-5472
www.lisahall.shop,Lisa Hall,(405) 555-4368
www.markgonzales.tech,Mark Gonzales,(813) 555-7295
www.nancybryant.org,Nancy Bryant,(602) 555-8146
www.paulalexander.com,Paul Alexander,(206) 555-9673
www.sandrarussell.net,Sandra Russell,(901) 555-8524
www.stevengriffin.io,Steven Griffin,(505) 555-7439
www.barbaradiaz.us,Barbara Diaz,(313) 555-6287
www.davidhayes.biz,David Hayes,(504) 555-5174
www.lisamyers.info,Lisa Myers,(305) 555-3968
www.johnford.tv,John Ford,(212) 555-2853
www.susanhamilton.xyz,Susan Hamilton,(312) 555-1742
www.robertgraham.co,Robert Graham,(415) 555-9631
www.patriciasullivan.shop,Patricia Sullivan,(617) 555-8527
www.jameswallace.tech,James Wallace,(718) 555-7416
www.marywoods.org,Mary Woods,(214) 555-6305
www.michaelcole.com,Michael Cole,(404) 555-5294
www.lindawest.net,Linda West,(702) 555-4183
www.davidjordan.io,David Jordan,(704) 555-3072
www.jenniferowens.us,Jennifer Owens,(210) 555-2961
www.robertreynolds.biz,Robert Reynolds,(405) 555-1850
www.susanfields.info,Susan Fields,(813) 555-0749
www.williamwarren.tv,William Warren,(602) 555-9638
www.elizabethcrawford.xyz,Elizabeth Crawford,(206) 555-8527
www.charlespayne.co,Charles Payne,(901) 555-7416
www.barbarakennedy.shop,Barbara Kennedy,(505) 555-6305
www.thomasperez.tech,Thomas Perez,(313) 555-5294
www.katherineburns.org,Katherine Burns,(504) 555-4183
www.danielwagner.com,Daniel Wagner,(305) 555-3072
www.lisamorrison.net,Lisa Morrison,(212) 555-2961
www.stevenmurray.io,Steven Murray,(312) 555-1850
www.barbarafreeman.us,Barbara Freeman,(415) 555-0749
www.paulwells.biz,Paul Wells,(617) 555-9638
www.sandrariley.info,Sandra Riley,(718) 555-8527
www.kevingardner.tv,Kevin Gardner,(214) 555-7416
www.dorothypierce.xyz,Dorothy Pierce,(404) 555-6305
www.josephberry.co,Joseph Berry,(702) 555-5294
www.sarahgordon.shop,Sarah Gordon,(704) 555-4183
www.charleshudson.tech,Charles Hudson,(210) 555-3072
www.katherinearnold.org,Katherine Arnold,(405) 555-2961
www.danielwebb.com,Daniel Webb,(813) 555-1850
www.johncarr.net,John Carr,(602) 555-0749
www.marypatterson.co,Mary Patterson,(206) 555-9638
www.robertoliver.org,Robert Oliver,(901) 555-8527
www.lindasanders.us,Linda Sanders,(505) 555-7416
www.michaelprice.biz,Michael Price,(313) 555-6305
www.sarahbennett.info,Sarah Bennett,(504) 555-5294
www.davidwood.tv,David Wood,(305) 555-4183
www.jenniferbarnes.xyz,Jennifer Barnes,(212) 555-3072
www.christopherross.co,Christopher Ross,(312) 555-2961
www.patriciahenderson.shop,Patricia Henderson,(415) 555-1850
www.josephcoleman.tech,Joseph Coleman,(617) 555-0749
www.nancyjenkins.org,Nancy Jenkins,(718) 555-9638
www.thomasperry.com,Thomas Perry,(214) 555-8527
www.sandralong.net,Sandra Long,(404) 555-7416
www.charlespatterson.io,Charles Patterson,(702) 555-6305
www.karenhughes.us,Karen Hughes,(704) 555-5294
www.stevenfoster.biz,Steven Foster,(210) 555-4183
www.bettybutler.info,Betty Butler,(405) 555-3072
www.brianbarnes.tv,Brian Barnes,(813) 555-2961
www.dorothysimpson.xyz,Dorothy Simpson,(602) 555-1850
www.kevincunningham.co,Kevin Cunningham,(206) 555-0749
www.lisahart.shop,Lisa Hart,(901) 555-9638
www.markberry.tech,Mark Berry,(505) 555-8527
www.nancybishop.org,Nancy Bishop,(313) 555-7416
www.paulmyers.com,Paul Myers,(504) 555-6305
www.sandralittle.net,Sandra Little,(305) 555-5294
www.stevenbradley.io,Steven Bradley,(212) 555-4183
www.barbarastewart.us,Barbara Stewart,(312) 555-3072
www.davidlopez.biz,David Lopez,(415) 555-2961
www.lisagray.info,Lisa Gray,(617) 555-1850
www.johnhamilton.tv,John Hamilton,(718) 555-0749
www.susangraham.xyz,Susan Graham,(214) 555-9638
www.robertfisher.co,Robert Fisher,(404) 555-8527
www.patriciahunt.shop,Patricia Hunt,(702) 555-7416
www.jamespalmer.tech,James Palmer,(704) 555-6305
www.marycarpenter.org,Mary Carpenter,(210) 555-5294
www.michaelwagner.com,Michael Wagner,(405) 555-4183
www.lindablack.net,Linda Black,(813) 555-3072
www.davidkennedy.io,David Kennedy,(602) 555-2961
www.jenniferwells.us,Jennifer Wells,(206) 555-1850
www.robertray.biz,Robert Ray,(901) 555-0749
www.susanhawkins.info,Susan Hawkins,(505) 555-9638
www.williamellis.tv,William Ellis,(313) 555-8527
www.elizabethgordon.xyz,Elizabeth Gordon,(504) 555-7416
www.charlesford.co,Charles Ford,(305) 555-6305
www.barbaraperry.shop,Barbara Perry,(212) 555-5294
www.thomasrice.tech,Thomas Rice,(312) 555-4183
www.katherinehoward.org,Katherine Howard,(415) 555-3072
www.danielramos.com,Daniel Ramos,(617) 555-2961
www.lisawatson.net,Lisa Watson,(718) 555-1850
www.stevenmedina.io,Steven Medina,(214) 555-0749
www.barbarawashington.us,Barbara Washington,(404) 555-9638
www.paulfoster.biz,Paul Foster,(702) 555-8527
www.sandragibson.info,Sandra Gibson,(704) 555-7416
www.kevinmills.tv,Kevin Mills,(210) 555-6305
www.dorothyfox.xyz,Dorothy Fox,(405) 555-5294
www.josephrose.co,Joseph Rose,(813) 555-4183
www.sarahstone.shop,Sarah Stone,(602) 555-3072
www.charleswebster.tech,Charles Webster,(206) 555-2961
www.katherinelawrence.org,Katherine Lawrence,(901) 555-1850
www.danielwheeler.com,Daniel Wheeler,(505) 555-0749
www.johnholmes.net,John Holmes,(313) 555-9638
www.marystephens.co,Mary Stephens,(504) 555-8527
www.robertwebb.org,Robert Webb,(305) 555-7416
www.lindasims.us,Linda Sims,(212) 555-6305
www.michaelwilliamson.biz,Michael Williamson,(312) 555-5294
www.sarahjohnson.info,Sarah Johnson,(415) 555-4183
www.davidharvey.tv,David Harvey,(617) 555-3072
www.jennifergraham.xyz,Jennifer Graham,(718) 555-2961
www.christophertaylor.co,Christopher Taylor,(214) 555-1850
www.patriciamarshall.shop,Patricia Marshall,(404) 555-0749
www.josephcoleman.tech,Joseph Coleman,(702) 555-9638
www.nancypalmer.org,Nancy Palmer,(704) 555-8527
www.thomashawkins.com,Thomas Hawkins,(210) 555-7416
www.sandracollins.net,Sandra Collins,(405) 555-6305
www.charlesgomez.io,Charles Gomez,(813) 555-5294
www.karenmurray.us,Karen Murray,(602) 555-4183
www.stevenreynolds.biz,Steven Reynolds,(206) 555-3072
www.bettymoreno.info,Betty Moreno,(901) 555-2961
www.brianparker.tv,Brian Parker,(505) 555-1850
www.dorothyrobinson.xyz,Dorothy Robinson,(313) 555-0749
www.kevinwood.co,Kevin Wood,(504) 555-9638
www.lisahall.shop,Lisa Hall,(305) 555-8527
www.markgonzales.tech,Mark Gonzales,(212) 555-7416
www.nancybryant.org,Nancy Bryant,(312) 555-6305
www.paulalexander.com,Paul Alexander,(415) 555-5294
www.sandrarussell.net,Sandra Russell,(617) 555-4183
www.stevengriffin.io,Steven Griffin,(718) 555-3072
www.barbaradiaz.us,Barbara Diaz,(214) 555-2961
www.davidhayes.biz,David Hayes,(404) 555-1850
www.lisamyers.info,Lisa Myers,(702) 555-0749
www.johnford.tv,John Ford,(704) 555-9638
www.susanhamilton.xyz,Susan Hamilton,(210) 555-8527
www.robertgraham.co,Robert Graham,(405) 555-7416
www.patriciasullivan.shop,Patricia Sullivan,(813) 555-6305
www.jameswallace.tech,James Wallace,(602) 555-5294
www.marywoods.org,Mary Woods,(206) 555-4183
www.michaelcole.com,Michael Cole,(901) 555-3072
www.lindawest.net,Linda West,(505) 555-2961
www.davidjordan.io,David Jordan,(313) 555-1850
www.jenniferowens.us,Jennifer Owens,(504) 555-0749
www.robertreynolds.biz,Robert Reynolds,(305) 555-9638
www.susanfields.info,Susan Fields,(212) 555-8527
www.williamwarren.tv,William Warren,(312) 555-7416
www.elizabethcrawford.xyz,Elizabeth Crawford,(415) 555-6305
www.charlespayne.co,Charles Payne,(617) 555-5294
www.barbarakennedy.shop,Barbara Kennedy,(718) 555-4183
www.thomasperez.tech,Thomas Perez,(214) 555-3072
www.katherineburns.org,Katherine Burns,(404) 555-2961
www.danielwagner.com,Daniel Wagner,(702) 555-1850
www.lisamorrison.net,Lisa Morrison,(704) 555-0749
www.stevenmurray.io,Steven Murray,(210) 555-9638
www.barbarafreeman.us,Barbara Freeman,(405) 555-8527
www.paulwells.biz,Paul Wells,(813) 555-7416
www.sandrariley.info,Sandra Riley,(602) 555-6305
www.kevingardner.tv,Kevin Gardner,(206) 555-5294
www.dorothypierce.xyz,Dorothy Pierce,(901) 555-4183
www.josephberry.co,Joseph Berry,(505) 555-3072
www.sarahgordon.shop,Sarah Gordon,(313) 555-2961
www.charleshudson.tech,Charles Hudson,(504) 555-1850
www.katherinearnold.org,Katherine Arnold,(305) 555-0749
www.danielwebb.com,Daniel Webb,(212) 555-9638
www.johncarr.net,John Carr,(312) 555-8527
www.marypatterson.co,Mary Patterson,(415) 555-7416
www.robertoliver.org,Robert Oliver,(617) 555-6305
www.lindasanders.us,Linda Sanders,(718) 555-5294
www.michaelprice.biz,Michael Price,(214) 555-4183
www.sarahbennett.info,Sarah Bennett,(404) 555-3072
www.davidwood.tv,David Wood,(702) 555-2961
www.jenniferbarnes.xyz,Jennifer Barnes,(704) 555-1850
www.christopherross.co,Christopher Ross,(210) 555-0749
www.patriciahenderson.shop,Patricia Henderson,(405) 555-9638
www.josephcoleman.tech,Joseph Coleman,(813) 555-8527
www.nancyjenkins.org,Nancy Jenkins,(602) 555-7416
www.thomasperry.com,Thomas Perry,(206) 555-6305
www.sandralong.net,Sandra Long,(901) 555-5294
www.charlespatterson.io,Charles Patterson,(505) 555-4183
www.karenhughes.us,Karen Hughes,(313) 555-3072
www.stevenfoster.biz,Steven Foster,(504) 555-2961
www.bettybutler.info,Betty Butler,(305) 555-1850
www.brianbarnes.tv,Brian Barnes,(212) 555-0749
www.dorothysimpson.xyz,Dorothy Simpson,(312) 555-9638
www.kevincunningham.co,Kevin Cunningham,(415) 555-8527
www.lisahart.shop,Lisa Hart,(617) 555-7416
www.markberry.tech,Mark Berry,(718) 555-6305
www.nancybishop.org,Nancy Bishop,(214) 555-5294
www.paulmyers.com,Paul Myers,(404) 555-4183
www.sandralittle.net,Sandra Little,(702) 555-3072
www.stevenbradley.io,Steven Bradley,(704) 555-2961
www.barbarastewart.us,Barbara Stewart,(210) 555-1850
www.davidlopez.biz,David Lopez,(405) 555-0749
www.lisagray.info,Lisa Gray,(813) 555-9638
www.johnhamilton.tv,John Hamilton,(602) 555-8527
www.susangraham.xyz,Susan Graham,(206) 555-7416
www.robertfisher.co,Robert Fisher,(901) 555-6305
www.patriciahunt.shop,Patricia Hunt,(505) 555-5294
www.jamespalmer.tech,James Palmer,(313) 555-4183
www.marycarpenter.org,Mary Carpenter,(504) 555-3072
www.michaelwagner.com,Michael Wagner,(305) 555-2961
www.lindablack.net,Linda Black,(212) 555-1850
www.davidkennedy.io,David Kennedy,(312) 555-0749
www.jenniferwells.us,Jennifer Wells,(415) 555-9638
www.robertray.biz,Robert Ray,(617) 555-8527
www.susanhawkins.info,Susan Hawkins,(718) 555-7416
www.williamellis.tv,William Ellis,(214) 555-6305
www.elizabethgordon.xyz,Elizabeth Gordon,(404) 555-5294
www.charlesford.co,Charles Ford,(702) 555-4183
www.barbaraperry.shop,Barbara Perry,(704) 555-3072
www.thomasrice.tech,Thomas Rice,(210) 555-2961
www.katherinehoward.org,Katherine Howard,(405) 555-1850
www.danielramos.com,Daniel Ramos,(813) 555-0749
www.lisawatson.net,Lisa Watson,(602) 555-9638
www.stevenmedina.io,Steven Medina,(206) 555-8527
www.barbarawashington.us,Barbara Washington,(901) 555-7416
www.paulfoster.biz,Paul Foster,(505) 555-6305
www.sandragibson.info,Sandra Gibson,(313) 555-5294
www.kevinmills.tv,Kevin Mills,(504) 555-4183
www.dorothyfox.xyz,Dorothy Fox,(305) 555-3072
www.josephrose.co,Joseph Rose,(212) 555-2961
www.sarahstone.shop,Sarah Stone,(312) 555-1850
www.charleswebster.tech,Charles Webster,(415) 555-0749
www.katherinelawrence.org,Katherine Lawrence,(617) 555-9638
www.danielwheeler.com,Daniel Wheeler,(718) 555-8527
www.johnholmes.net,John Holmes,(214) 555-7416
www.marystephens.co,Mary Stephens,(404) 555-6305
www.robertwebb.org,Robert Webb,(702) 555-5294
www.lindasims.us,Linda Sims,(704) 555-4183
www.michaelwilliamson.biz,Michael Williamson,(210) 555-3072
www.sarahjohnson.info,Sarah Johnson,(405) 555-2961
www.davidharvey.tv,David Harvey,(813) 555-1850
www.jennifergraham.xyz,Jennifer Graham,(602) 555-0749
www.christophertaylor.co,Christopher Taylor,(206) 555-9638
www.patriciamarshall.shop,Patricia Marshall,(901) 555-8527
www.josephcoleman.tech,Joseph Coleman,(505) 555-7416
www.nancypalmer.org,Nancy Palmer,(313) 555-6305
www.thomashawkins.com,Thomas Hawkins,(504) 555-5294
www.sandracollins.net,Sandra Collins,(305) 555-4183
www.charlesgomez.io,Charles Gomez,(212) 555-3072
www.karenmurray.us,Karen Murray,(312) 555-2961
www.stevenreynolds.biz,Steven Reynolds,(415) 555-1850
www.bettymoreno.info,Betty Moreno,(617) 555-0749
www.brianparker.tv,Brian Parker,(718) 555-9638
www.dorothyrobinson.xyz,Dorothy Robinson,(214) 555-8527
www.kevinwood.co,Kevin Wood,(404) 555-7416
www.lisahall.shop,Lisa Hall,(702) 555-6305
www.markgonzales.tech,Mark Gonzales,(704) 555-5294
www.nancybryant.org,Nancy Bryant,(210) 555-4183
www.paulalexander.com,Paul Alexander,(405) 555-3072
www.sandrarussell.net,Sandra Russell,(813) 555-2961
www.stevengriffin.io,Steven Griffin,(602) 555-1850
www.barbaradiaz.us,Barbara Diaz,(206) 555-0749
www.davidhayes.biz,David Hayes,(901) 555-9638
www.lisamyers.info,Lisa Myers,(505) 555-8527
www.johnford.tv,John Ford,(313) 555-7416
www.susanhamilton.xyz,Susan Hamilton,(504) 555-6305
www.robertgraham.co,Robert Graham,(305) 555-5294
www.patriciasullivan.shop,Patricia Sullivan,(212) 555-4183
www.jameswallace.tech,James Wallace,(312) 555-3072
www.marywoods.org,Mary Woods,(415) 555-2961
www.michaelcole.com,Michael Cole,(617) 555-1850
www.lindawest.net,Linda West,(718) 555-0749
www.davidjordan.io,David Jordan,(214) 555-9638
www.jenniferowens.us,Jennifer Owens,(404) 555-8527
www.robertreynolds.biz,Robert Reynolds,(702) 555-7416
www.susanfields.info,Susan Fields,(704) 555-6305
www.williamwarren.tv,William Warren,(210) 555-5294
www.elizabethcrawford.xyz,Elizabeth Crawford,(405) 555-4183
www.charlespayne.co,Charles Payne,(813) 555-3072
www.barbarakennedy.shop,Barbara Kennedy,(602) 555-2961
www.thomasperez.tech,Thomas Perez,(206) 555-1850
www.katherineburns.org,Katherine Burns,(901) 555-0749
www.danielwagner.com,Daniel Wagner,(505) 555-9638
www.lisamorrison.net,Lisa Morrison,(313) 555-8527
www.stevenmurray.io,Steven Murray,(504) 555-7416
www.barbarafreeman.us,Barbara Freeman,(305) 555-6305
www.paulwells.biz,Paul Wells,(212) 555-5294
www.sandrariley.info,Sandra Riley,(312) 555-4183
www.kevingardner.tv,Kevin Gardner,(415) 555-3072
www.dorothypierce.xyz,Dorothy Pierce,(617) 555-2961
www.josephberry.co,Joseph Berry,(718) 555-1850
www.sarahgordon.shop,Sarah Gordon,(214) 555-0749
www.charleshudson.tech,Charles Hudson,(404) 555-9638
www.katherinearnold.org,Katherine Arnold,(702) 555-8527
www.danielwebb.com,Daniel Webb,(704) 555-7416
www.johncarr.net,John Carr,(210) 555-6305
www.marypatterson.co,Mary Patterson,(405) 555-5294
www.robertoliver.org,Robert Oliver,(813) 555-4183
www.lindasanders.us,Linda Sanders,(602) 555-3072
www.michaelprice.biz,Michael Price,(206) 555-2961
www.sarahbennett.info,Sarah Bennett,(901) 555-1850
www.davidwood.tv,David Wood,(505) 555-0749
www.jenniferbarnes.xyz,Jennifer Barnes,(313) 555-9638
www.christopherross.co,Christopher Ross,(504) 555-8527
www.patriciahenderson.shop,Patricia Henderson,(305) 555-7416
www.josephcoleman.tech,Joseph Coleman,(212) 555-6305
www.nancyjenkins.org,Nancy Jenkins,(312) 555-5294
www.thomasperry.com,Thomas Perry,(415) 555-4183
www.sandralong.net,Sandra Long,(617) 555-3072
www.charlespatterson.io,Charles Patterson,(718) 555-2961
www.karenhughes.us,Karen Hughes,(214) 555-1850
www.stevenfoster.biz,Steven Foster,(404) 555-0749
www.bettybutler.info,Betty Butler,(702) 555-9638
www.brianbarnes.tv,Brian Barnes,(704) 555-8527
www.dorothysimpson.xyz,Dorothy Simpson,(210) 555-7416
www.kevincunningham.co,Kevin Cunningham,(405) 555-6305
www.lisahart.shop,Lisa Hart,(813) 555-5294
www.markberry.tech,Mark Berry,(602) 555-4183
www.nancybishop.org,Nancy Bishop,(206) 555-3072
www.paulmyers.com,Paul Myers,(901) 555-2961
www.sandralittle.net,Sandra Little,(505) 555-1850
www.stevenbradley.io,Steven Bradley,(313) 555-0749
www.barbarastewart.us,Barbara Stewart,(504) 555-9638
www.davidlopez.biz,David Lopez,(305) 555-8527
www.lisagray.info,Lisa Gray,(212) 555-7416
www.johnhamilton.tv,John Hamilton,(312) 555-6305
www.susangraham.xyz,Susan Graham,(415) 555-5294
www.robertfisher.co,Robert Fisher,(617) 555-4183
www.patriciahunt.shop,Patricia Hunt,(718) 555-3072
www.jamespalmer.tech,James Palmer,(214) 555-2961
www.marycarpenter.org,Mary Carpenter,(404) 555-1850
www.michaelwagner.com,Michael Wagner,(702) 555-0749
www.lindablack.net,Linda Black,(704) 555-9638
www.davidkennedy.io,David Kennedy,(210) 555-8527
www.jenniferwells.us,Jennifer Wells,(405) 555-7416
www.robertray.biz,Robert Ray,(813) 555-6305
www.susanhawkins.info,Susan Hawkins,(602) 555-5294
www.williamellis.tv,William Ellis,(206) 555-4183
www.elizabethgordon.xyz,Elizabeth Gordon,(901) 555-3072
www.charlesford.co,Charles Ford,(505) 555-2961
www.barbaraperry.shop,Barbara Perry,(313) 555-1850
www.thomasrice.tech,Thomas Rice,(504) 555-0749
www.katherinehoward.org,Katherine Howard,(305) 555-9638
www.danielramos.com,Daniel Ramos,(212) 555-8527
www.lisawatson.net,Lisa Watson,(312) 555-7416
www.stevenmedina.io,Steven Medina,(415) 555-6305
www.barbarawashington.us,Barbara Washington,(617) 555-5294
www.paulfoster.biz,Paul Foster,(718) 555-4183
www.sandragibson.info,Sandra Gibson,(214) 555-3072
www.kevinmills.tv,Kevin Mills,(404) 555-2961
www.dorothyfox.xyz,Dorothy Fox,(702) 555-1850
www.josephrose.co,Joseph Rose,(704) 555-0749
www.sarahstone.shop,Sarah Stone,(210) 555-9638
www.charleswebster.tech,Charles Webster,(405) 555-8527
www.katherinelawrence.org,Katherine Lawrence,(813) 555-7416
www.danielwheeler.com,Daniel Wheeler,(602) 555-6305
www.johnholmes.net,John Holmes,(206) 555-5294
www.marystephens.co,Mary Stephens,(901) 555-4183
www.robertwebb.org,Robert Webb,(505) 555-3072
www.lindasims.us,Linda Sims,(313) 555-2961
www.michaelwilliamson.biz,Michael Williamson,(504) 555-1850
www.sarahjohnson.info,Sarah Johnson,(305) 555-0749
www.davidharvey.tv,David Harvey,(212) 555-9638
www.jennifergraham.xyz,Jennifer Graham,(312) 555-8527
www.christophertaylor.co,Christopher Taylor,(415) 555-7416
www.patriciamarshall.shop,Patricia Marshall,(617) 555-6305
www.josephcoleman.tech,Joseph Coleman,(718) 555-5294
www.nancypalmer.org,Nancy Palmer,(214) 555-4183
www.thomashawkins.com,Thomas Hawkins,(404) 555-3072
www.sandracollins.net,Sandra Collins,(702) 555-2961
www.charlesgomez.io,Charles Gomez,(704) 555-1850
www.karenmurray.us,Karen Murray,(210) 555-0749
www.stevenreynolds.biz,Steven Reynolds,(405) 555-9638
www.bettymoreno.info,Betty Moreno,(813) 555-8527
www.brianparker.tv,Brian Parker,(602) 555-7416
www.dorothyrobinson.xyz,Dorothy Robinson,(206) 555-6305
www.kevinwood.co,Kevin Wood,(901) 555-5294
www.lisahall.shop,Lisa Hall,(505) 555-4183
www.markgonzales.tech,Mark Gonzales,(313) 555-3072
www.nancybryant.org,Nancy Bryant,(504) 555-2961
www.paulalexander.com,Paul Alexander,(305) 555-1850
www.sandrarussell.net,Sandra Russell,(212) 555-0749
www.stevengriffin.io,Steven Griffin,(312) 555-9638
www.barbaradiaz.us,Barbara Diaz,(415) 555-8527
www.davidhayes.biz,David Hayes,(617) 555-7416
www.lisamyers.info,Lisa Myers,(718) 555-6305
www.johnford.tv,John Ford,(214) 555-5294
www.susanhamilton.xyz,Susan Hamilton,(404) 555-4183
www.robertgraham.co,Robert Graham,(702) 555-3072
www.patriciasullivan.shop,Patricia Sullivan,(704) 555-2961
www.jameswallace.tech,James Wallace,(210) 555-1850
www.marywoods.org,Mary Woods,(405) 555-0749
www.michaelcole.com,Michael Cole,(813) 555-9638
www.lindawest.net,Linda West,(602) 555-8527
www.davidjordan.io,David Jordan,(206) 555-7416
www.jenniferowens.us,Jennifer Owens,(901) 555-6305
www.robertreynolds.biz,Robert Reynolds,(505) 555-5294
www.susanfields.info,Susan Fields,(313) 555-4183
www.williamwarren.tv,William Warren,(504) 555-3072
www.elizabethcrawford.xyz,Elizabeth Crawford,(305) 555-2961
www.charlespayne.co,Charles Payne,(212) 555-1850
www.barbarakennedy.shop,Barbara Kennedy,(312) 555-0749
www.thomasperez.tech,Thomas Perez,(415) 555-9638
www.katherineburns.org,Katherine Burns,(617) 555-8527
www.danielwagner.com,Daniel Wagner,(718) 555-7416
www.lisamorrison.net,Lisa Morrison,(214) 555-6305
www.stevenmurray.io,Steven Murray,(404) 555-5294
www.barbarafreeman.us,Barbara Freeman,(702) 555-4183
www.paulwells.biz,Paul Wells,(704) 555-3072
www.sandrariley.info,Sandra Riley,(210) 555-2961
www.kevingardner.tv,Kevin Gardner,(405) 555-1850
www.dorothypierce.xyz,Dorothy Pierce,(813) 555-0749
www.josephberry.co,Joseph Berry,(602) 555-9638
www.sarahgordon.shop,Sarah Gordon,(206) 555-8527
www.charleshudson.tech,Charles Hudson,(901) 555-7416
www.katherinearnold.org,Katherine Arnold,(505) 555-6305
www.danielwebb.com,Daniel Webb,(313) 555-5294
www.johncarr.net,John Carr,(504) 555-4183
www.marypatterson.co,Mary Patterson,(305) 555-3072
www.robertoliver.org,Robert Oliver,(212) 555-2961
www.lindasanders.us,Linda Sanders,(312) 555-1850
www.michaelprice.biz,Michael Price,(415) 555-0749
www.sarahbennett.info,Sarah Bennett,(617) 555-9638
www.davidwood.tv,David Wood,(718) 555-8527
www.jenniferbarnes.xyz,Jennifer Barnes,(214) 555-7416
www.christopherross.co,Christopher Ross,(404) 555-6305
www.patriciahenderson.shop,Patricia Henderson,(702) 555-5294
www.josephcoleman.tech,Joseph Coleman,(704) 555-4183
www.nancyjenkins.org,Nancy Jenkins,(210) 555-3072
www.thomasperry.com,Thomas Perry,(405) 555-2961
www.sandralong.net,Sandra Long,(813) 555-1850
www.charlespatterson.io,Charles Patterson,(602) 555-0749
www.karenhughes.us,Karen Hughes,(206) 555-9638
www.stevenfoster.biz,Steven Foster,(901) 555-8527
www.bettybutler.info,Betty Butler,(505) 555-7416
www.brianbarnes.tv,Brian Barnes,(313) 555-6305
www.dorothysimpson.xyz,Dorothy Simpson,(504) 555-5294
www.kevincunningham.co,Kevin Cunningham,(305) 555-4183
www.lisahart.shop,Lisa Hart,(212) 555-3072
www.markberry.tech,Mark Berry,(312) 555-2961
www.nancybishop.org,Nancy Bishop,(415) 555-1850
www.paulmyers.com,Paul Myers,(617) 555-0749
www.sandralittle.net,Sandra Little,(718) 555-9638
www.stevenbradley.io,Steven Bradley,(214) 555-8527
www.barbarastewart.us,Barbara Stewart,(404) 555-7416
www.davidlopez.biz,David Lopez,(702) 555-6305
www.lisagray.info,Lisa Gray,(704) 555-5294
www.johnhamilton.tv,John Hamilton,(210) 555-4183
www.susangraham.xyz,Susan Graham,(405) 555-3072
www.robertfisher.co,Robert Fisher,(813) 555-2961
www.patriciahunt.shop,Patricia Hunt,(602) 555-1850
www.jamespalmer.tech,James Palmer,(206) 555-0749
www.marycarpenter.org,Mary Carpenter,(901) 555-9638
www.michaelwagner.com,Michael Wagner,(505) 555-8527
www.lindablack.net,Linda Black,(313) 555-7416
www.davidkennedy.io,David Kennedy,(504) 555-6305
www.jenniferwells.us,Jennifer Wells,(305) 555-5294
www.robertray.biz,Robert Ray,(212) 555-4183
www.susanhawkins.info,Susan Hawkins,(312) 555-3072
www.williamellis.tv,William Ellis,(415) 555-2961
www.elizabethgordon.xyz,Elizabeth Gordon,(617) 555-1850
www.charlesford.co,Charles Ford,(718) 555-0749
www.barbaraperry.shop,Barbara Perry,(214) 555-9638
www.thomasrice.tech,Thomas Rice,(404) 555-8527
www.katherinehoward.org,Katherine Howard,(702) 555-7416
www.danielramos.com,Daniel Ramos,(704) 555-6305
www.lisawatson.net,Lisa Watson,(210) 555-5294
www.stevenmedina.io,Steven Medina,(405) 555-4183
www.barbarawashington.us,Barbara Washington,(813) 555-3072
www.paulfoster.biz,Paul Foster,(602) 555-2961
www.sandragibson.info,Sandra Gibson,(206) 555-1850
www.kevinmills.tv,Kevin Mills,(901) 555-0749
www.dorothyfox.xyz,Dorothy Fox,(505) 555-9638
www.josephrose.co,Joseph Rose,(313) 555-8527
www.sarahstone.shop,Sarah Stone,(504) 555-7416
www.charleswebster.tech,Charles Webster,(305) 555-6305
www.katherinelawrence.org,Katherine Lawrence,(212) 555-5294
www.danielwheeler.com,Daniel Wheeler,(312) 555-4183
www.johnholmes.net,John Holmes,(415) 555-3072
www.marystephens.co,Mary Stephens,(617) 555-2961
www.robertwebb.org,Robert Webb,(718) 555-1850
www.lindasims.us,Linda Sims,(214) 555-0749
www.michaelwilliamson.biz,Michael Williamson,(404) 555-9638
www.sarahjohnson.info,Sarah Johnson,(702) 555-8527
www.davidharvey.tv,David Harvey,(704) 555-7416
www.jennifergraham.xyz,Jennifer Graham,(210) 555-6305
www.christophertaylor.co,Christopher Taylor,(405) 555-5294
www.patriciamarshall.shop,Patricia Marshall,(813) 555-4183
www.josephcoleman.tech,Joseph Coleman,(602) 555-3072
www.nancypalmer.org,Nancy Palmer,(206) 555-2961
www.thomashawkins.com,Thomas Hawkins,(901) 555-1850
www.sandracollins.net,Sandra Collins,(505) 555-0749
www.charlesgomez.io,Charles Gomez,(313) 555-9638
www.karenmurray.us,Karen Murray,(504) 555-8527
www.stevenreynolds.biz,Steven Reynolds,(305) 555-7416
www.bettymoreno.info,Betty Moreno,(212) 555-6305
www.brianparker.tv,Brian Parker,(312) 555-5294
www.dorothyrobinson.xyz,Dorothy Robinson,(415) 555-4183
www.kevinwood.co,Kevin Wood,(617) 555-3072
www.lisahall.shop,Lisa Hall,(718) 555-2961
www.markgonzales.tech,Mark Gonzales,(214) 555-1850
www.nancybryant.org,Nancy Bryant,(404) 555-0749
www.paulalexander.com,Paul Alexander,(702) 555-9638
www.sandrarussell.net,Sandra Russell,(704) 555-8527
www.stevengriffin.io,Steven Griffin,(210) 555-7416
www.barbaradiaz.us,Barbara Diaz,(405) 555-6305
www.davidhayes.biz,David Hayes,(813) 555-5294
www.lisamyers.info,Lisa Myers,(602) 555-4183
www.johnford.tv,John Ford,(206) 555-3072
www.susanhamilton.xyz,Susan Hamilton,(901) 555-2961
www.robertgraham.co,Robert Graham,(505) 555-1850
www.patriciasullivan.shop,Patricia Sullivan,(313) 555-0749
www.jameswallace.tech,James Wallace,(504) 555-9638
www.marywoods.org,Mary Woods,(305) 555-8527
www.michaelcole.com,Michael Cole,(212) 555-7416
www.lindawest.net,Linda West,(312) 555-6305
www.davidjordan.io,David Jordan,(415) 555-5294
www.jenniferowens.us,Jennifer Owens,(617) 555-4183
www.robertreynolds.biz,Robert Reynolds,(718) 555-3072
www.susanfields.info,Susan Fields,(214) 555-2961
www.williamwarren.tv,William Warren,(404) 555-1850
www.elizabethcrawford.xyz,Elizabeth Crawford,(702) 555-0749
www.charlespayne.co,Charles Payne,(704) 555-9638
www.barbarakennedy.shop,Barbara Kennedy,(210) 555-8527
www.thomasperez.tech,Thomas Perez,(405) 555-7416
www.katherineburns.org,Katherine Burns,(813) 555-6305
www.danielwagner.com,Daniel Wagner,(602) 555-5294
www.lisamorrison.net,Lisa Morrison,(206) 555-4183
www.stevenmurray.io,Steven Murray,(901) 555-3072
www.barbarafreeman.us,Barbara Freeman,(505) 555-2961
www.paulwells.biz,Paul Wells,(313) 555-1850
www.sandrariley.info,Sandra Riley,(504) 555-0749
www.kevingardner.tv,Kevin Gardner,(305) 555-9638
www.dorothypierce.xyz,Dorothy Pierce,(212) 555-8527
www.josephberry.co,Joseph Berry,(312) 555-7416
www.sarahgordon.shop,Sarah Gordon,(415) 555-6305
www.charleshudson.tech,Charles Hudson,(617) 555-5294
www.katherinearnold.org,Katherine Arnold,(718) 555-4183
www.danielwebb.com,Daniel Webb,(214) 555-3072
www.johncarr.net,John Carr,(404) 555-2961
www.marypatterson.co,Mary Patterson,(702) 555-1850
www.robertoliver.org,Robert Oliver,(704) 555-0749
www.lindasanders.us,Linda Sanders,(210) 555-9638
www.michaelprice.biz,Michael Price,(405) 555-8527
www.sarahbennett.info,Sarah Bennett,(813) 555-7416
www.davidwood.tv,David Wood,(602) 555-6305
www.jenniferbarnes.xyz,Jennifer Barnes,(206) 555-5294
www.christopherross.co,Christopher Ross,(901) 555-4183
www.patriciahenderson.shop,Patricia Henderson,(505) 555-3072
www.josephcoleman.tech,Joseph Coleman,(313) 555-2961
www.nancyjenkins.org,Nancy Jenkins,(504) 555-1850
www.thomasperry.com,Thomas Perry,(305) 555-0749
www.sandralong.net,Sandra Long,(212) 555-9638
www.charlespatterson.io,Charles Patterson,(312) 555-8527
www.karenhughes.us,Karen Hughes,(415) 555-7416
www.stevenfoster.biz,Steven Foster,(617) 555-6305
www.bettybutler.info,Betty Butler,(718) 555-5294
www.brianbarnes.tv,Brian Barnes,(214) 555-4183
www.dorothysimpson.xyz,Dorothy Simpson,(404) 555-3072
www.kevincunningham.co,Kevin Cunningham,(702) 555-2961
www.lisahart.shop,Lisa Hart,(704) 555-1850
www.markberry.tech,Mark Berry,(210) 555-0749
www.nancybishop.org,Nancy Bishop,(405) 555-9638
www.paulmyers.com,Paul Myers,(813) 555-8527
www.sandralittle.net,Sandra Little,(602) 555-7416
www.stevenbradley.io,Steven Bradley,(206) 555-6305
www.barbarastewart.us,Barbara Stewart,(901) 555-5294
www.davidlopez.biz,David Lopez,(505) 555-4183
www.lisagray.info,Lisa Gray,(313) 555-3072
www.johnhamilton.tv,John Hamilton,(504) 555-2961
www.susangraham.xyz,Susan Graham,(305) 555-1850
www.robertfisher.co,Robert Fisher,(212) 555-0749
www.patriciahunt.shop,Patricia Hunt,(312) 555-9638
www.jamespalmer.tech,James Palmer,(415) 555-8527
www.marycarpenter.org,Mary Carpenter,(617) 555-7416
www.michaelwagner.com,Michael Wagner,(718) 555-6305
www.lindablack.net,Linda Black,(214) 555-5294
www.davidkennedy.io,David Kennedy,(404) 555-4183
www.jenniferwells.us,Jennifer Wells,(702) 555-3072
www.robertray.biz,Robert Ray,(704) 555-2961
www.susanhawkins.info,Susan Hawkins,(210) 555-1850
www.williamellis.tv,William Ellis,(405) 555-0749
www.elizabethgordon.xyz,Elizabeth Gordon,(813) 555-9638
www.charlesford.co,Charles Ford,(602) 555-8527
www.barbaraperry.shop,Barbara Perry,(206) 555-7416
www.thomasrice.tech,Thomas Rice,(901) 555-6305
www.katherinehoward.org,Katherine Howard,(505) 555-5294
www.danielramos.com,Daniel Ramos,(313) 555-4183
www.lisawatson.net,Lisa Watson,(504) 555-3072
www.stevenmedina.io,Steven Medina,(305) 555-2961
www.barbarawashington.us,Barbara Washington,(212) 555-1850
www.paulfoster.biz,Paul Foster,(312) 555-0749
www.sandragibson.info,Sandra Gibson,(415) 555-9638
www.kevinmills.tv,Kevin Mills,(617) 555-8527
www.dorothyfox.xyz,Dorothy Fox,(718) 555-7416
www.josephrose.co,Joseph Rose,(214) 555-6305
www.sarahstone.shop,Sarah Stone,(404) 555-5294
www.charleswebster.tech,Charles Webster,(702) 555-4183
www.katherinelawrence.org,Katherine Lawrence,(704) 555-3072
www.danielwheeler.com,Daniel Wheeler,(210) 555-2961
www.johnholmes.net,John Holmes,(405) 555-1850
www.marystephens.co,Mary Stephens,(813) 555-0749
www.robertwebb.org,Robert Webb,(602) 555-9638
www.lindasims.us,Linda Sims,(206) 555-8527
www.michaelwilliamson.biz,Michael Williamson,(901) 555-7416
www.sarahjohnson.info,Sarah Johnson,(505) 555-6305
www.davidharvey.tv,David Harvey,(313) 555-5294
www.jennifergraham.xyz,Jennifer Graham,(504) 555-4183
www.christophertaylor.co,Christopher Taylor,(305) 555-3072
www.patriciamarshall.shop,Patricia Marshall,(212) 555-2961
www.josephcoleman.tech,Joseph Coleman,(312) 555-1850
www.nancypalmer.org,Nancy Palmer,(415) 555-0749
www.thomashawkins.com,Thomas Hawkins,(617) 555-9638
www.sandracollins.net,Sandra Collins,(718) 555-8527
www.charlesgomez.io,Charles Gomez,(214) 555-7416
www.karenmurray.us,Karen Murray,(404) 555-6305
www.stevenreynolds.biz,Steven Reynolds,(702) 555-5294
www.bettymoreno.info,Betty Moreno,(704) 555-4183
www.brianparker.tv,Brian Parker,(210) 555-3072
www.dorothyrobinson.xyz,Dorothy Robinson,(405) 555-2961
www.kevinwood.co,Kevin Wood,(813) 555-1850
www.lisahall.shop,Lisa Hall,(602) 555-0749
www.markgonzales.tech,Mark Gonzales,(206) 555-9638
www.nancybryant.org,Nancy Bryant,(901) 555-8527
www.paulalexander.com,Paul Alexander,(505) 555-7416
www.sandrarussell.net,Sandra Russell,(313) 555-6305
www.stevengriffin.io,Steven Griffin,(504) 555-5294
www.barbaradiaz.us,Barbara Diaz,(305) 555-4183
www.davidhayes.biz,David Hayes,(212) 555-3072
www.lisamyers.info,Lisa Myers,(312) 555-2961
www.johnford.tv,John Ford,(415) 555-1850
www.susanhamilton.xyz,Susan Hamilton,(617) 555-0749
www.robertgraham.co,Robert Graham,(718) 555-9638
www.patriciasullivan.shop,Patricia Sullivan,(214) 555-8527
www.jameswallace.tech,James Wallace,(404) 555-7416
www.marywoods.org,Mary Woods,(702) 555-6305
www.michaelcole.com,Michael Cole,(704) 555-5294
www.lindawest.net,Linda West,(210) 555-4183
www.davidjordan.io,David Jordan,(405) 555-3072
www.jenniferowens.us,Jennifer Owens,(813) 555-2961
www.robertreynolds.biz,Robert Reynolds,(602) 555-1850
www.susanfields.info,Susan Fields,(206) 555-0749
www.williamwarren.tv,William Warren,(901) 555-9638
www.elizabethcrawford.xyz,Elizabeth Crawford,(505) 555-8527
www.charlespayne.co,Charles Payne,(313) 555-7416
www.barbarakennedy.shop,Barbara Kennedy,(504) 555-6305
www.thomasperez.tech,Thomas Perez,(305) 555-5294
www.katherineburns.org,Katherine Burns,(212) 555-4183
www.danielwagner.com,Daniel Wagner,(312) 555-3072
www.lisamorrison.net,Lisa Morrison,(415) 555-2961
www.stevenmurray.io,Steven Murray,(617) 555-1850
www.barbarafreeman.us,Barbara Freeman,(718) 555-0749
www.paulwells.biz,Paul Wells,(214) 555-9638
www.sandrariley.info,Sandra Riley,(404) 555-8527
www.kevingardner.tv,Kevin Gardner,(702) 555-7416
www.dorothypierce.xyz,Dorothy Pierce,(704) 555-6305
www.josephberry.co,Joseph Berry,(210) 555-5294
www.sarahgordon.shop,Sarah Gordon,(405) 555-4183
www.charleshudson.tech,Charles Hudson,(813) 555-3072
www.katherinearnold.org,Katherine Arnold,(602) 555-2961
www.danielwebb.com,Daniel Webb,(206) 555-1850
www.johncarr.net,John Carr,(901) 555-0749
www.marypatterson.co,Mary Patterson,(505) 555-9638
www.robertoliver.org,Robert Oliver,(313) 555-8527
www.lindasanders.us,Linda Sanders,(504) 555-7416
www.michaelprice.biz,Michael Price,(305) 555-6305
www.sarahbennett.info,Sarah Bennett,(212) 555-5294
www.davidwood.tv,David Wood,(312) 555-4183
www.jenniferbarnes.xyz,Jennifer Barnes,(415) 555-3072
www.christopherross.co,Christopher Ross,(617) 555-2961
www.patriciahenderson.shop,Patricia Henderson,(718) 555-1850
www.josephcoleman.tech,Joseph Coleman,(214) 555-0749
www.nancyjenkins.org,Nancy Jenkins,(404) 555-9638
www.thomasperry.com,Thomas Perry,(702) 555-8527
www.sandralong.net,Sandra Long,(704) 555-7416
www.charlespatterson.io,Charles Patterson,(210) 555-6305
www.karenhughes.us,Karen Hughes,(405) 555-5294
www.stevenfoster.biz,Steven Foster,(813) 555-4183
www.bettybutler.info,Betty Butler,(602) 555-3072
www.brianbarnes.tv,Brian Barnes,(206) 555-2961
www.dorothysimpson.xyz,Dorothy Simpson,(901) 555-1850
www.kevincunningham.co,Kevin Cunningham,(505) 555-0749
www.lisahart.shop,Lisa Hart,(313) 555-9638
www.markberry.tech,Mark Berry,(504) 555-8527
www.nancybishop.org,Nancy Bishop,(305) 555-7416
www.paulmyers.com,Paul Myers,(212) 555-6305
www.sandralittle.net,Sandra Little,(312) 555-5294
www.stevenbradley.io,Steven Bradley,(415) 555-4183
www.barbarastewart.us,Barbara Stewart,(617) 555-3072
www.davidlopez.biz,David Lopez,(718) 555-2961
www.lisagray.info,Lisa Gray,(214) 555-1850
www.johnhamilton.tv,John Hamilton,(404) 555-0749
www.susangraham.xyz,Susan Graham,(702) 555-9638
www.robertfisher.co,Robert Fisher,(704) 555-8527
www.patriciahunt.shop,Patricia Hunt,(210) 555-7416
www.jamespalmer.tech,James Palmer,(405) 555-6305
www.marycarpenter.org,Mary Carpenter,(813) 555-5294
www.michaelwagner.com,Michael Wagner,(602) 555-4183
www.lindablack.net,Linda Black,(206) 555-3072
www.davidkennedy.io,David Kennedy,(901) 555-2961
www.jenniferwells.us,Jennifer Wells,(505) 555-1850
www.robertray.biz,Robert Ray,(313) 555-0749
www.susanhawkins.info,Susan Hawkins,(504) 555-9638
www.williamellis.tv,William Ellis,(305) 555-8527
www.elizabethgordon.xyz,Elizabeth Gordon,(212) 555-7416
www.charlesford.co,Charles Ford,(312) 555-6305
www.barbaraperry.shop,Barbara Perry,(415) 555-5294
www.thomasrice.tech,Thomas Rice,(617) 555-4183
www.katherinehoward.org,Katherine Howard,(718) 555-3072
www.danielramos.com,Daniel Ramos,(214) 555-2961
www.lisawatson.net,Lisa Watson,(404) 555-1850
www.stevenmedina.io,Steven Medina,(702) 555-0749
www.barbarawashington.us,Barbara Washington,(704) 555-9638
www.paulfoster.biz,Paul Foster,(210) 555-8527
www.sandragibson.info,Sandra Gibson,(405) 555-7416
www.kevinmills.tv,Kevin Mills,(813) 555-6305
www.dorothyfox.xyz,Dorothy Fox,(602) 555-5294
www.josephrose.co,Joseph Rose,(206) 555-4183
www.sarahstone.shop,Sarah Stone,(901) 555-3072
www.charleswebster.tech,Charles Webster,(505) 555-2961
www.katherinelawrence.org,Katherine Lawrence,(313) 555-1850
www.danielwheeler.com,Daniel Wheeler,(504) 555-0749
www.johnholmes.net,John Holmes,(305) 555-9638
www.marystephens.co,Mary Stephens,(212) 555-8527
www.robertwebb.org,Robert Webb,(312) 555-7416
www.lindasims.us,Linda Sims,(415) 555-6305
www.michaelwilliamson.biz,Michael Williamson,(617) 555-5294
www.sarahjohnson.info,Sarah Johnson,(718) 555-4183
www.davidharvey.tv,David Harvey,(214) 555-3072
www.jennifergraham.xyz,Jennifer Graham,(404) 555-2961
www.christophertaylor.co,Christopher Taylor,(702) 555-1850
www.patriciamarshall.shop,Patricia Marshall,(704) 555-0749
www.josephcoleman.tech,Joseph Coleman,(210) 555-9638
www.nancypalmer.org,Nancy Palmer,(405) 555-8527
www.thomashawkins.com,Thomas Hawkins,(813) 555-7416
www.sandracollins.net,Sandra Collins,(602) 555-6305
www.charlesgomez.io,Charles Gomez,(206) 555-5294
www.karenmurray.us,Karen Murray,(901) 555-4183
www.stevenreynolds.biz,Steven Reynolds,(505) 555-3072
www.bettymoreno.info,Betty Moreno,(313) 555-2961
www.brianparker.tv,Brian Parker,(504) 555-1850
www.dorothyrobinson.xyz,Dorothy Robinson,(305) 555-0749
www.kevinwood.co,Kevin Wood,(212) 555-9638
www.lisahall.shop,Lisa Hall,(312) 555-8527
www.markgonzales.tech,Mark Gonzales,(415) 555-7416
www.nancybryant.org,Nancy Bryant,(617) 555-6305
www.paulalexander.com,Paul Alexander,(718) 555-5294
www.sandrarussell.net,Sandra Russell,(214) 555-4183
www.stevengriffin.io,Steven Griffin,(404) 555-3072
www.barbaradiaz.us,Barbara Diaz,(702) 555-2961
www.davidhayes.biz,David Hayes,(704) 555-1850
www.lisamyers.info,Lisa Myers,(210) 555-0749
www.johnford.tv,John Ford,(405) 555-9638
www.susanhamilton.xyz,Susan Hamilton,(813) 555-8527
www.robertgraham.co,Robert Graham,(602) 555-7416
www.patriciasullivan.shop,Patricia Sullivan,(206) 555-6305
www.jameswallace.tech,James Wallace,(901) 555-5294
www.marywoods.org,Mary Woods,(505) 555-4183
www.michaelcole.com,Michael Cole,(313) 555-3072
www.lindawest.net,Linda West,(504) 555-2961
www.davidjordan.io,David Jordan,(305) 555-1850
www.jenniferowens.us,Jennifer Owens,(212) 555-0749
www.robertreynolds.biz,Robert Reynolds,(312) 555-9638
www.susanfields.info,Susan Fields,(415) 555-8527
www.williamwarren.tv,William Warren,(617) 555-7416
www.elizabethcrawford.xyz,Elizabeth Crawford,(718) 555-6305
www.charlespayne.co,Charles Payne,(214) 555-5294
www.barbarakennedy.shop,Barbara Kennedy,(404) 555-4183
www.thomasperez.tech,Thomas Perez,(702) 555-3072
www.katherineburns.org,Katherine Burns,(704) 555-2961
www.danielwagner.com,Daniel Wagner,(210) 555-1850
www.lisamorrison.net,Lisa Morrison,(405) 555-0749
www.stevenmurray.io,Steven Murray,(813) 555-9638
www.barbarafreeman.us,Barbara Freeman,(602) 555-8527
www.paulwells.biz,Paul Wells,(206) 555-7416
www.sandrariley.info,Sandra Riley,(901) 555-6305
www.kevingardner.tv,Kevin Gardner,(505) 555-5294
www.dorothypierce.xyz,Dorothy Pierce,(313) 555-4183
www.josephberry.co,Joseph Berry,(504) 555-3072
www.sarahgordon.shop,Sarah Gordon,(305) 555-2961
www.charleshudson.tech,Charles Hudson,(212) 555-1850
www.katherinearnold.org,Katherine Arnold,(312) 555-0749
www.danielwebb.com,Daniel Webb,(415) 555-9638
www.johncarr.net,John Carr,(617) 555-8527
www.marypatterson.co,Mary Patterson,(718) 555-7416
www.robertoliver.org,Robert Oliver,(214) 555-6305
www.lindasanders.us,Linda Sanders,(404) 555-5294
www.michaelprice.biz,Michael Price,(702) 555-4183
www.sarahbennett.info,Sarah Bennett,(704) 555-3072
www.davidwood.tv,David Wood,(210) 555-2961
www.jenniferbarnes.xyz,Jennifer Barnes,(405) 555-1850
www.christopherross.co,Christopher Ross,(813) 555-0749
www.patriciahenderson.shop,Patricia Henderson,(602) 555-9638
www.josephcoleman.tech,Joseph Coleman,(206) 555-8527
www.nancyjenkins.org,Nancy Jenkins,(901) 555-7416
www.thomasperry.com,Thomas Perry,(505) 555-6305
www.sandralong.net,Sandra Long,(313) 555-5294
www.charlespatterson.io,Charles Patterson,(504) 555-4183
www.karenhughes.us,Karen Hughes,(305) 555-3072
www.stevenfoster.biz,Steven Foster,(212) 555-2961
www.bettybutler.info,Betty Butler,(312) 555-1850
www.brianbarnes.tv,Brian Barnes,(415) 555-0749
www.dorothysimpson.xyz,Dorothy Simpson,(617) 555-9638
www.kevincunningham.co,Kevin Cunningham,(718) 555-8527
www.lisahart.shop,Lisa Hart,(214) 555-7416
www.markberry.tech,Mark Berry,(404) 555-6305
www.nancybishop.org,Nancy Bishop,(702) 555-5294
www.paulmyers.com,Paul Myers,(704) 555-4183
www.sandralittle.net,Sandra Little,(210) 555-3072
www.stevenbradley.io,Steven Bradley,(405) 555-2961
www.barbarastewart.us,Barbara Stewart,(813) 555-1850
www.davidlopez.biz,David Lopez,(602) 555-0749
www.lisagray.info,Lisa Gray,(206) 555-9638
www.johnhamilton.tv,John Hamilton,(901) 555-8527
www.susangraham.xyz,Susan Graham,(505) 555-7416
www.robertfisher.co,Robert Fisher,(313) 555-6305
www.patriciahunt.shop,Patricia Hunt,(504) 555-5294
www.jamespalmer.tech,James Palmer,(305) 555-4183
www.marycarpenter.org,Mary Carpenter,(212) 555-3072
www.michaelwagner.com,Michael Wagner,(312) 555-2961
www.lindablack.net,Linda Black,(415) 555-1850
www.davidkennedy.io,David Kennedy,(617) 555-0749
www.jenniferwells.us,Jennifer Wells,(718) 555-9638
www.robertray.biz,Robert Ray,(214) 555-8527
www.susanhawkins.info,Susan Hawkins,(404) 555-7416
www.williamellis.tv,William Ellis,(702) 555-6305
www.elizabethgordon.xyz,Elizabeth Gordon,(704) 555-5294
www.charlesford.co,Charles Ford,(210) 555-4183
www.barbaraperry.shop,Barbara Perry,(405) 555-3072
www.thomasrice.tech,Thomas Rice,(813) 555-2961
www.katherinehoward.org,Katherine Howard,(602) 555-1850
www.danielramos.com,Daniel Ramos,(206) 555-0749
www.lisawatson.net,Lisa Watson,(901) 555-9638
www.stevenmedina.io,Steven Medina,(505) 555-8527
www.barbarawashington.us,Barbara Washington,(313) 555-7416
www.paulfoster.biz,Paul Foster,(504) 555-6305
www.sandragibson.info,Sandra Gibson,(305) 555-5294
www.kevinmills.tv,Kevin Mills,(212) 555-4183
www.dorothyfox.xyz,Dorothy Fox,(312) 555-3072
www.josephrose.co,Joseph Rose,(415) 555-2961
www.sarahstone.shop,Sarah Stone,(617) 555-1850
www.charleswebster.tech,Charles Webster,(718) 555-0749
www.katherinelawrence.org,Katherine Lawrence,(214) 555-9638
www.danielwheeler.com,Daniel Wheeler,(404) 555-8527
www.johnholmes.net,John Holmes,(702) 555-7416
www.marystephens.co,Mary Stephens,(704) 555-6305
www.robertwebb.org,Robert Webb,(210) 555-5294
www.lindasims.us,Linda Sims,(405) 555-4183
www.michaelwilliamson.biz,Michael Williamson,(813) 555-3072
www.sarahjohnson.info,Sarah Johnson,(602) 555-2961
www.davidharvey.tv,David Harvey,(206) 555-1850
www.jennifergraham.xyz,Jennifer Graham,(901) 555-0749
www.christophertaylor.co,Christopher Taylor,(505) 555-9638
www.patriciamarshall.shop,Patricia Marshall,(313) 555-8527
www.josephcoleman.tech,Joseph Coleman,(504) 555-7416
www.nancypalmer.org,Nancy Palmer,(305) 555-6305
www.thomashawkins.com,Thomas Hawkins,(212) 555-5294
www.sandracollins.net,Sandra Collins,(312) 555-4183
www.charlesgomez.io,Charles Gomez,(415) 555-3072
www.karenmurray.us,Karen Murray,(617) 555-2961
www.stevenreynolds.biz,Steven Reynolds,(718) 555-1850
www.bettymoreno.info,Betty Moreno,(214) 555-0749
www.brianparker.tv,Brian Parker,(404) 555-9638
www.dorothyrobinson.xyz,Dorothy Robinson,(702) 555-8527
www.kevinwood.co,Kevin Wood,(704) 555-7416
www.lisahall.shop,Lisa Hall,(210) 555-6305
www.markgonzales.tech,Mark Gonzales,(405) 555-5294
www.nancybryant.org,Nancy Bryant,(813) 555-4183
www.paulalexander.com,Paul Alexander,(602) 555-3072
www.sandrarussell.net,Sandra Russell,(206) 555-2961
www.stevengriffin.io,Steven Griffin,(901) 555-1850
www.barbaradiaz.us,Barbara Diaz,(505) 555-0749
www.davidhayes.biz,David Hayes,(313) 555-9638
www.lisamyers.info,Lisa Myers,(504) 555-8527
www.johnford.tv,John Ford,(305) 555-7416
www.susanhamilton.xyz,Susan Hamilton,(212) 555-6305
www.robertgraham.co,Robert Graham,(312) 555-5294
www.patriciasullivan.shop,Patricia Sullivan,(415) 555-4183
www.jameswallace.tech,James Wallace,(617) 555-3072
www.marywoods.org,Mary Woods,(718) 555-2961
www.michaelcole.com,Michael Cole,(214) 555-1850
www.lindawest.net,Linda West,(404) 555-0749
www.davidjordan.io,David Jordan,(702) 555-9638
www.jenniferowens.us,Jennifer Owens,(704) 555-8527
www.robertreynolds.biz,Robert Reynolds,(210) 555-7416
www.susanfields.info,Susan Fields,(405) 555-6305
www.williamwarren.tv,William Warren,(813) 555-5294
www.elizabethcrawford.xyz,Elizabeth Crawford,(602) 555-4183
www.charlespayne.co,Charles Payne,(206) 555-3072
www.barbarakennedy.shop,Barbara Kennedy,(901) 555-2961
www.thomasperez.tech,Thomas Perez,(505) 555-1850
www.katherineburns.org,Katherine Burns,(313) 555-0749
www.danielwagner.com,Daniel Wagner,(504) 555-9638
www.lisamorrison.net,Lisa Morrison,(305) 555-8527
www.stevenmurray.io,Steven Murray,(212) 555-7416
www.barbarafreeman.us,Barbara Freeman,(312) 555-6305
www.paulwells.biz,Paul Wells,(415) 555-5294
www.sandrariley.info,Sandra Riley,(617) 555-4183
www.kevingardner.tv,Kevin Gardner,(718) 555-3072
www.dorothypierce.xyz,Dorothy Pierce,(214) 555-2961
www.josephberry.co,Joseph Berry,(404) 555-1850
www.sarahgordon.shop,Sarah Gordon,(702) 555-0749
www.charleshudson.tech,Charles Hudson,(704) 555-9638
www.katherinearnold.org,Katherine Arnold,(210) 555-8527
www.danielwebb.com,Daniel Webb,(405) 555-7416
www.johncarr.net,John Carr,(813) 555-6305
www.marypatterson.co,Mary Patterson,(602) 555-5294