Agency Name,Website URL,Phone Number / Contact
ForeFront Web,https://forefrontweb.com/,"(614) 737-9933"
OuterBox,https://outerbox.com/,"(866) 377-1343"
Disruptive Advertising,https://www.disruptiveadvertising.com/,"(801) 810-9274"
Digital Neighbor,https://www.digitalneighbor.com/,"(617) 209-5370"
Rathcore Marketing,https://rathcore.com/,"(949) 430-5268"
Astoundz,https://astoundz.com/,"(888) 604-1515"
Amsive,https://amsive.com/,"(888) 223-2022"
Laidlaw Group,https://laidlawgroup.com/,"(310) 876-1099"
Moburst,https://moburst.com/,"(212) 920-0650"
Sociallyin,https://www.sociallyin.com/,"(877) 777-7120"
R9 Digital Marketing and Consulting,https://r9marketing.com/,"(636) 352-4859"
Market Minds Creative,https://marketmindscreative.com/,"(512) 710-6908"
Accenture,https://www.accenture.com/,"+1 (312) 737-8004"
Digitas,https://www.digitas.com/,"(212) 610-5000"
Huge,https://www.hugeinc.com/,"(310) 451-7000"
AKQA,https://www.akqa.com/,"(415) 645-9400"
McCann,https://www.mccann.com/,"(646) 865-2000"
Cognizant,https://www.cognizant.com/,"(201) 801-0233"
Merkle,https://www.merkle.com/,"(443) 542-4000"
Havas,https://www.havas.com/,"(212) 886-2000"
Dentsu,https://www.dentsu.com/,"(212) 397-3333"
iCrossing,https://www.icrossing.com/,"(212) 337-8500"
SmartSites,https://www.smartsites.com/,"(201) 870-6000"
VMLY&R,https://www.vmlyr.com/,"(212) 210-7000"
Wipro,https://www.wipro.com/,"+91 (80) 2844-0011"
Deloitte,https://www.deloitte.com/,"(212) 492-4000"
IBM,https://www.ibm.com/,"+1 (914) 499-1900"
Assist Digital,https://www.assistdigital.com/,"+39 02 9286 9286"
Column Five,https://www.columnfivemedia.com/,"(949) 215-1212"
Velocity Partners,https://www.velocitypartners.com/,"+44 (0)20 7908 6363"
Omniscient Digital,https://www.omniscientdigital.com/,"(917) 725-0956"
Directive,https://directiveconsulting.com/,"(949) 229-3456"
Gravity Global,https://www.gravityglobal.com/,"(346) 202-0102"
Ledger Bennett,https://ledgerbennett.com/,"(312) 275-2300"
Earnest,https://www.earnestcollective.com/,"(718) 285-9395"
Dentsu B2B Americas,https://www.dentsu.com/,"(212) 397-3333"
Big Presence,https://www.bigpresence.com/,"(813) 708-1221"
TIN ROBOT,https://www.tinrobot.com/,"(312) 880-2554"
Hans Finest Digital Solutions,https://hansfinest.com/,"(443) 808-3555"
Expressway Studio,https://www.expresswaystudio.com/,"+1 (804) 215-1119"
Bright IT,https://www.brightit.co/,"+1 (848) 667-7898"
Amorphous New Media,https://amorphousnewmedia.com/,"(800) 645-4648"
Marshall Media,https://marshallmedia.com/,"(615) 953-1771"
Iticy,https://iticy.com/,"+1 (888) 581-6548"
The Prize,https://theprize.us/,"(424) 209-8532"
Three Mules Marketing & PR,https://threemulesmarketing.com/,"(717) 215-9355"
WebStax Studio,https://webstaxstudio.com/,"(952) 314-9518"
Axis Global Co Agency,https://axisglobalco.com/,"+1 (512) 866-6003"
Websparks,https://www.websparks.sg/,"+65 6391 0690"
The U Agency,https://theuagency.com/,"(206) 486-2991"
Adroit Solutions,https://www.adroitsolutions.io/,"+1 (737) 377-4746"
GrowthMaze,https://www.growthmaze.com/,"(888) 363-8304"
Seven Seas Digital Marketing,https://www.sevenseasdigital.ie/,"+353 (0)1 254 3994"
Byra Marketing,https://byramarketing.co.uk/,"+44 (0)1603 233 300"
Only Loading,https://www.onlyloading.com/,"+32 2 318 59 09"
WebVillage Marketing,https://webvillage.com/,"(732) 780-7770"
ELK MKTG,https://elkmktg.com/,"(438) 796-6881"
Global Touch,https://www.mygtdigital.com/,"(877) 633-8873"
Mixtape Marketing,https://mixtapeaustin.com/,"(512) 910-6062"